timestamp_utc,pv_mesure_norm
2025-06-21T00:00:00Z,0.0000
2025-06-21T00:01:00Z,0.0000
2025-06-21T00:02:00Z,0.0000
2025-06-21T00:03:00Z,0.0000
2025-06-21T00:04:00Z,0.0000
2025-06-21T00:05:00Z,0.0000
2025-06-21T00:06:00Z,0.0000
2025-06-21T00:07:00Z,0.0000
2025-06-21T00:08:00Z,0.0000
2025-06-21T00:09:00Z,0.0000
2025-06-21T00:10:00Z,0.0000
2025-06-21T00:11:00Z,0.0000
2025-06-21T00:12:00Z,0.0000
2025-06-21T00:13:00Z,0.0000
2025-06-21T00:14:00Z,0.0000
2025-06-21T00:15:00Z,0.0000
2025-06-21T00:16:00Z,0.0000
2025-06-21T00:17:00Z,0.0000
2025-06-21T00:18:00Z,0.0000
2025-06-21T00:19:00Z,0.0000
2025-06-21T00:20:00Z,0.0000
2025-06-21T00:21:00Z,0.0000
2025-06-21T00:22:00Z,0.0000
2025-06-21T00:23:00Z,0.0000
2025-06-21T00:24:00Z,0.0000
2025-06-21T00:25:00Z,0.0000
2025-06-21T00:26:00Z,0.0000
2025-06-21T00:27:00Z,0.0000
2025-06-21T00:28:00Z,0.0000
2025-06-21T00:29:00Z,0.0000
2025-06-21T00:30:00Z,0.0000
2025-06-21T00:31:00Z,0.0000
2025-06-21T00:32:00Z,0.0000
2025-06-21T00:33:00Z,0.0000
2025-06-21T00:34:00Z,0.0000
2025-06-21T00:35:00Z,0.0000
2025-06-21T00:36:00Z,0.0000
2025-06-21T00:37:00Z,0.0000
2025-06-21T00:38:00Z,0.0000
2025-06-21T00:39:00Z,0.0000
2025-06-21T00:40:00Z,0.0000
2025-06-21T00:41:00Z,0.0000
2025-06-21T00:42:00Z,0.0000
2025-06-21T00:43:00Z,0.0000
2025-06-21T00:44:00Z,0.0000
2025-06-21T00:45:00Z,0.0000
2025-06-21T00:46:00Z,0.0000
2025-06-21T00:47:00Z,0.0000
2025-06-21T00:48:00Z,0.0000
2025-06-21T00:49:00Z,0.0000
2025-06-21T00:50:00Z,0.0000
2025-06-21T00:51:00Z,0.0000
2025-06-21T00:52:00Z,0.0000
2025-06-21T00:53:00Z,0.0000
2025-06-21T00:54:00Z,0.0000
2025-06-21T00:55:00Z,0.0000
2025-06-21T00:56:00Z,0.0000
2025-06-21T00:57:00Z,0.0000
2025-06-21T00:58:00Z,0.0000
2025-06-21T00:59:00Z,0.0000
2025-06-21T01:00:00Z,0.0000
2025-06-21T01:01:00Z,0.0000
2025-06-21T01:02:00Z,0.0000
2025-06-21T01:03:00Z,0.0000
2025-06-21T01:04:00Z,0.0000
2025-06-21T01:05:00Z,0.0000
2025-06-21T01:06:00Z,0.0000
2025-06-21T01:07:00Z,0.0000
2025-06-21T01:08:00Z,0.0000
2025-06-21T01:09:00Z,0.0000
2025-06-21T01:10:00Z,0.0000
2025-06-21T01:11:00Z,0.0000
2025-06-21T01:12:00Z,0.0000
2025-06-21T01:13:00Z,0.0000
2025-06-21T01:14:00Z,0.0000
2025-06-21T01:15:00Z,0.0000
2025-06-21T01:16:00Z,0.0000
2025-06-21T01:17:00Z,0.0000
2025-06-21T01:18:00Z,0.0000
2025-06-21T01:19:00Z,0.0000
2025-06-21T01:20:00Z,0.0000
2025-06-21T01:21:00Z,0.0000
2025-06-21T01:22:00Z,0.0000
2025-06-21T01:23:00Z,0.0000
2025-06-21T01:24:00Z,0.0000
2025-06-21T01:25:00Z,0.0000
2025-06-21T01:26:00Z,0.0000
2025-06-21T01:27:00Z,0.0000
2025-06-21T01:28:00Z,0.0000
2025-06-21T01:29:00Z,0.0000
2025-06-21T01:30:00Z,0.0000
2025-06-21T01:31:00Z,0.0000
2025-06-21T01:32:00Z,0.0000
2025-06-21T01:33:00Z,0.0000
2025-06-21T01:34:00Z,0.0000
2025-06-21T01:35:00Z,0.0000
2025-06-21T01:36:00Z,0.0000
2025-06-21T01:37:00Z,0.0000
2025-06-21T01:38:00Z,0.0000
2025-06-21T01:39:00Z,0.0000
2025-06-21T01:40:00Z,0.0000
2025-06-21T01:41:00Z,0.0000
2025-06-21T01:42:00Z,0.0000
2025-06-21T01:43:00Z,0.0000
2025-06-21T01:44:00Z,0.0000
2025-06-21T01:45:00Z,0.0000
2025-06-21T01:46:00Z,0.0000
2025-06-21T01:47:00Z,0.0000
2025-06-21T01:48:00Z,0.0000
2025-06-21T01:49:00Z,0.0000
2025-06-21T01:50:00Z,0.0000
2025-06-21T01:51:00Z,0.0000
2025-06-21T01:52:00Z,0.0000
2025-06-21T01:53:00Z,0.0000
2025-06-21T01:54:00Z,0.0000
2025-06-21T01:55:00Z,0.0000
2025-06-21T01:56:00Z,0.0000
2025-06-21T01:57:00Z,0.0000
2025-06-21T01:58:00Z,0.0000
2025-06-21T01:59:00Z,0.0000
2025-06-21T02:00:00Z,0.0000
2025-06-21T02:01:00Z,0.0000
2025-06-21T02:02:00Z,0.0000
2025-06-21T02:03:00Z,0.0000
2025-06-21T02:04:00Z,0.0000
2025-06-21T02:05:00Z,0.0000
2025-06-21T02:06:00Z,0.0000
2025-06-21T02:07:00Z,0.0000
2025-06-21T02:08:00Z,0.0000
2025-06-21T02:09:00Z,0.0000
2025-06-21T02:10:00Z,0.0000
2025-06-21T02:11:00Z,0.0000
2025-06-21T02:12:00Z,0.0000
2025-06-21T02:13:00Z,0.0000
2025-06-21T02:14:00Z,0.0000
2025-06-21T02:15:00Z,0.0000
2025-06-21T02:16:00Z,0.0000
2025-06-21T02:17:00Z,0.0000
2025-06-21T02:18:00Z,0.0000
2025-06-21T02:19:00Z,0.0000
2025-06-21T02:20:00Z,0.0000
2025-06-21T02:21:00Z,0.0000
2025-06-21T02:22:00Z,0.0000
2025-06-21T02:23:00Z,0.0000
2025-06-21T02:24:00Z,0.0000
2025-06-21T02:25:00Z,0.0000
2025-06-21T02:26:00Z,0.0000
2025-06-21T02:27:00Z,0.0000
2025-06-21T02:28:00Z,0.0000
2025-06-21T02:29:00Z,0.0000
2025-06-21T02:30:00Z,0.0000
2025-06-21T02:31:00Z,0.0000
2025-06-21T02:32:00Z,0.0000
2025-06-21T02:33:00Z,0.0000
2025-06-21T02:34:00Z,0.0000
2025-06-21T02:35:00Z,0.0000
2025-06-21T02:36:00Z,0.0000
2025-06-21T02:37:00Z,0.0000
2025-06-21T02:38:00Z,0.0000
2025-06-21T02:39:00Z,0.0000
2025-06-21T02:40:00Z,0.0000
2025-06-21T02:41:00Z,0.0000
2025-06-21T02:42:00Z,0.0000
2025-06-21T02:43:00Z,0.0000
2025-06-21T02:44:00Z,0.0000
2025-06-21T02:45:00Z,0.0000
2025-06-21T02:46:00Z,0.0000
2025-06-21T02:47:00Z,0.0000
2025-06-21T02:48:00Z,0.0000
2025-06-21T02:49:00Z,0.0000
2025-06-21T02:50:00Z,0.0000
2025-06-21T02:51:00Z,0.0000
2025-06-21T02:52:00Z,0.0000
2025-06-21T02:53:00Z,0.0000
2025-06-21T02:54:00Z,0.0000
2025-06-21T02:55:00Z,0.0000
2025-06-21T02:56:00Z,0.0000
2025-06-21T02:57:00Z,0.0000
2025-06-21T02:58:00Z,0.0000
2025-06-21T02:59:00Z,0.0000
2025-06-21T03:00:00Z,0.0000
2025-06-21T03:01:00Z,0.0000
2025-06-21T03:02:00Z,0.0000
2025-06-21T03:03:00Z,0.0000
2025-06-21T03:04:00Z,0.0000
2025-06-21T03:05:00Z,0.0000
2025-06-21T03:06:00Z,0.0000
2025-06-21T03:07:00Z,0.0000
2025-06-21T03:08:00Z,0.0000
2025-06-21T03:09:00Z,0.0000
2025-06-21T03:10:00Z,0.0000
2025-06-21T03:11:00Z,0.0000
2025-06-21T03:12:00Z,0.0000
2025-06-21T03:13:00Z,0.0000
2025-06-21T03:14:00Z,0.0000
2025-06-21T03:15:00Z,0.0000
2025-06-21T03:16:00Z,0.0000
2025-06-21T03:17:00Z,0.0000
2025-06-21T03:18:00Z,0.0000
2025-06-21T03:19:00Z,0.0000
2025-06-21T03:20:00Z,0.0000
2025-06-21T03:21:00Z,0.0000
2025-06-21T03:22:00Z,0.0000
2025-06-21T03:23:00Z,0.0000
2025-06-21T03:24:00Z,0.0000
2025-06-21T03:25:00Z,0.0000
2025-06-21T03:26:00Z,0.0000
2025-06-21T03:27:00Z,0.0000
2025-06-21T03:28:00Z,0.0000
2025-06-21T03:29:00Z,0.0000
2025-06-21T03:30:00Z,0.0000
2025-06-21T03:31:00Z,0.0000
2025-06-21T03:32:00Z,0.0000
2025-06-21T03:33:00Z,0.0000
2025-06-21T03:34:00Z,0.0000
2025-06-21T03:35:00Z,0.0000
2025-06-21T03:36:00Z,0.0000
2025-06-21T03:37:00Z,0.0000
2025-06-21T03:38:00Z,0.0000
2025-06-21T03:39:00Z,0.0000
2025-06-21T03:40:00Z,0.0000
2025-06-21T03:41:00Z,0.0000
2025-06-21T03:42:00Z,0.0000
2025-06-21T03:43:00Z,0.0000
2025-06-21T03:44:00Z,0.0000
2025-06-21T03:45:00Z,0.0000
2025-06-21T03:46:00Z,0.0000
2025-06-21T03:47:00Z,0.0000
2025-06-21T03:48:00Z,0.0000
2025-06-21T03:49:00Z,0.0000
2025-06-21T03:50:00Z,0.0000
2025-06-21T03:51:00Z,0.0000
2025-06-21T03:52:00Z,0.0000
2025-06-21T03:53:00Z,0.0000
2025-06-21T03:54:00Z,0.0000
2025-06-21T03:55:00Z,0.0000
2025-06-21T03:56:00Z,0.0000
2025-06-21T03:57:00Z,0.0000
2025-06-21T03:58:00Z,0.0000
2025-06-21T03:59:00Z,0.0000
2025-06-21T04:00:00Z,0.0000
2025-06-21T04:01:00Z,0.0000
2025-06-21T04:02:00Z,0.0000
2025-06-21T04:03:00Z,0.0000
2025-06-21T04:04:00Z,0.0000
2025-06-21T04:05:00Z,0.0000
2025-06-21T04:06:00Z,0.0004
2025-06-21T04:07:00Z,0.0015
2025-06-21T04:08:00Z,0.0026
2025-06-21T04:09:00Z,0.0037
2025-06-21T04:10:00Z,0.0047
2025-06-21T04:11:00Z,0.0058
2025-06-21T04:12:00Z,0.0070
2025-06-21T04:13:00Z,0.0081
2025-06-21T04:14:00Z,0.0093
2025-06-21T04:15:00Z,0.0105
2025-06-21T04:16:00Z,0.0118
2025-06-21T04:17:00Z,0.0130
2025-06-21T04:18:00Z,0.0143
2025-06-21T04:19:00Z,0.0156
2025-06-21T04:20:00Z,0.0171
2025-06-21T04:21:00Z,0.0184
2025-06-21T04:22:00Z,0.0195
2025-06-21T04:23:00Z,0.0210
2025-06-21T04:24:00Z,0.0223
2025-06-21T04:25:00Z,0.0238
2025-06-21T04:26:00Z,0.0250
2025-06-21T04:27:00Z,0.0263
2025-06-21T04:28:00Z,0.0276
2025-06-21T04:29:00Z,0.0291
2025-06-21T04:30:00Z,0.0302
2025-06-21T04:31:00Z,0.0313
2025-06-21T04:32:00Z,0.0326
2025-06-21T04:33:00Z,0.0337
2025-06-21T04:34:00Z,0.0352
2025-06-21T04:35:00Z,0.0367
2025-06-21T04:36:00Z,0.0380
2025-06-21T04:37:00Z,0.0396
2025-06-21T04:38:00Z,0.0411
2025-06-21T04:39:00Z,0.0424
2025-06-21T04:40:00Z,0.0437
2025-06-21T04:41:00Z,0.0449
2025-06-21T04:42:00Z,0.0462
2025-06-21T04:43:00Z,0.0475
2025-06-21T04:44:00Z,0.0490
2025-06-21T04:45:00Z,0.0503
2025-06-21T04:46:00Z,0.0517
2025-06-21T04:47:00Z,0.0530
2025-06-21T04:48:00Z,0.0543
2025-06-21T04:49:00Z,0.0556
2025-06-21T04:50:00Z,0.0568
2025-06-21T04:51:00Z,0.0581
2025-06-21T04:52:00Z,0.0593
2025-06-21T04:53:00Z,0.0606
2025-06-21T04:54:00Z,0.0619
2025-06-21T04:55:00Z,0.0631
2025-06-21T04:56:00Z,0.0642
2025-06-21T04:57:00Z,0.0657
2025-06-21T04:58:00Z,0.0669
2025-06-21T04:59:00Z,0.0680
2025-06-21T05:00:00Z,0.0691
2025-06-21T05:01:00Z,0.0704
2025-06-21T05:02:00Z,0.0717
2025-06-21T05:03:00Z,0.0730
2025-06-21T05:04:00Z,0.0748
2025-06-21T05:05:00Z,0.0766
2025-06-21T05:06:00Z,0.0785
2025-06-21T05:07:00Z,0.0804
2025-06-21T05:08:00Z,0.0822
2025-06-21T05:09:00Z,0.0842
2025-06-21T05:10:00Z,0.0861
2025-06-21T05:11:00Z,0.0880
2025-06-21T05:12:00Z,0.0898
2025-06-21T05:13:00Z,0.0918
2025-06-21T05:14:00Z,0.0939
2025-06-21T05:15:00Z,0.0960
2025-06-21T05:16:00Z,0.0980
2025-06-21T05:17:00Z,0.1002
2025-06-21T05:18:00Z,0.1024
2025-06-21T05:19:00Z,0.1045
2025-06-21T05:20:00Z,0.1066
2025-06-21T05:21:00Z,0.1089
2025-06-21T05:22:00Z,0.1111
2025-06-21T05:23:00Z,0.1133
2025-06-21T05:24:00Z,0.1156
2025-06-21T05:25:00Z,0.1179
2025-06-21T05:26:00Z,0.1202
2025-06-21T05:27:00Z,0.1225
2025-06-21T05:28:00Z,0.1248
2025-06-21T05:29:00Z,0.1272
2025-06-21T05:30:00Z,0.1296
2025-06-21T05:31:00Z,0.1320
2025-06-21T05:32:00Z,0.1342
2025-06-21T05:33:00Z,0.1368
2025-06-21T05:34:00Z,0.1395
2025-06-21T05:35:00Z,0.1418
2025-06-21T05:36:00Z,0.1444
2025-06-21T05:37:00Z,0.1469
2025-06-21T05:38:00Z,0.1493
2025-06-21T05:39:00Z,0.1522
2025-06-21T05:40:00Z,0.1551
2025-06-21T05:41:00Z,0.1576
2025-06-21T05:42:00Z,0.1603
2025-06-21T05:43:00Z,0.1626
2025-06-21T05:44:00Z,0.1655
2025-06-21T05:45:00Z,0.1686
2025-06-21T05:46:00Z,0.1708
2025-06-21T05:47:00Z,0.1737
2025-06-21T05:48:00Z,0.1770
2025-06-21T05:49:00Z,0.1794
2025-06-21T05:50:00Z,0.1827
2025-06-21T05:51:00Z,0.1858
2025-06-21T05:52:00Z,0.1901
2025-06-21T05:53:00Z,0.1923
2025-06-21T05:54:00Z,0.1961
2025-06-21T05:55:00Z,0.1994
2025-06-21T05:56:00Z,0.2025
2025-06-21T05:57:00Z,0.2053
2025-06-21T05:58:00Z,0.2085
2025-06-21T05:59:00Z,0.2119
2025-06-21T06:00:00Z,0.2147
2025-06-21T06:01:00Z,0.2175
2025-06-21T06:02:00Z,0.2196
2025-06-21T06:03:00Z,0.2227
2025-06-21T06:04:00Z,0.2264
2025-06-21T06:05:00Z,0.2300
2025-06-21T06:06:00Z,0.2339
2025-06-21T06:07:00Z,0.2373
2025-06-21T06:08:00Z,0.2395
2025-06-21T06:09:00Z,0.2422
2025-06-21T06:10:00Z,0.2448
2025-06-21T06:11:00Z,0.2477
2025-06-21T06:12:00Z,0.2511
2025-06-21T06:13:00Z,0.2549
2025-06-21T06:14:00Z,0.2561
2025-06-21T06:15:00Z,0.2585
2025-06-21T06:16:00Z,0.2594
2025-06-21T06:17:00Z,0.2634
2025-06-21T06:18:00Z,0.2654
2025-06-21T06:19:00Z,0.2687
2025-06-21T06:20:00Z,0.2724
2025-06-21T06:21:00Z,0.2753
2025-06-21T06:22:00Z,0.2788
2025-06-21T06:23:00Z,0.2826
2025-06-21T06:24:00Z,0.2855
2025-06-21T06:25:00Z,0.2910
2025-06-21T06:26:00Z,0.2933
2025-06-21T06:27:00Z,0.2965
2025-06-21T06:28:00Z,0.2987
2025-06-21T06:29:00Z,0.3014
2025-06-21T06:30:00Z,0.3037
2025-06-21T06:31:00Z,0.3082
2025-06-21T06:32:00Z,0.3131
2025-06-21T06:33:00Z,0.3178
2025-06-21T06:34:00Z,0.3217
2025-06-21T06:35:00Z,0.3240
2025-06-21T06:36:00Z,0.3273
2025-06-21T06:37:00Z,0.3324
2025-06-21T06:38:00Z,0.3374
2025-06-21T06:39:00Z,0.3410
2025-06-21T06:40:00Z,0.3441
2025-06-21T06:41:00Z,0.3514
2025-06-21T06:42:00Z,0.3552
2025-06-21T06:43:00Z,0.3597
2025-06-21T06:44:00Z,0.3606
2025-06-21T06:45:00Z,0.3649
2025-06-21T06:46:00Z,0.3681
2025-06-21T06:47:00Z,0.3707
2025-06-21T06:48:00Z,0.3785
2025-06-21T06:49:00Z,0.3755
2025-06-21T06:50:00Z,0.3796
2025-06-21T06:51:00Z,0.3783
2025-06-21T06:52:00Z,0.3837
2025-06-21T06:53:00Z,0.3845
2025-06-21T06:54:00Z,0.3875
2025-06-21T06:55:00Z,0.3905
2025-06-21T06:56:00Z,0.3985
2025-06-21T06:57:00Z,0.4022
2025-06-21T06:58:00Z,0.4046
2025-06-21T06:59:00Z,0.4051
2025-06-21T07:00:00Z,0.4078
2025-06-21T07:01:00Z,0.4075
2025-06-21T07:02:00Z,0.4105
2025-06-21T07:03:00Z,0.4112
2025-06-21T07:04:00Z,0.4116
2025-06-21T07:05:00Z,0.4147
2025-06-21T07:06:00Z,0.4166
2025-06-21T07:07:00Z,0.4181
2025-06-21T07:08:00Z,0.4232
2025-06-21T07:09:00Z,0.4240
2025-06-21T07:10:00Z,0.4296
2025-06-21T07:11:00Z,0.4337
2025-06-21T07:12:00Z,0.4377
2025-06-21T07:13:00Z,0.4411
2025-06-21T07:14:00Z,0.4421
2025-06-21T07:15:00Z,0.4467
2025-06-21T07:16:00Z,0.4484
2025-06-21T07:17:00Z,0.4488
2025-06-21T07:18:00Z,0.4493
2025-06-21T07:19:00Z,0.4543
2025-06-21T07:20:00Z,0.4573
2025-06-21T07:21:00Z,0.4611
2025-06-21T07:22:00Z,0.4664
2025-06-21T07:23:00Z,0.4682
2025-06-21T07:24:00Z,0.4727
2025-06-21T07:25:00Z,0.4703
2025-06-21T07:26:00Z,0.4742
2025-06-21T07:27:00Z,0.4790
2025-06-21T07:28:00Z,0.4834
2025-06-21T07:29:00Z,0.4791
2025-06-21T07:30:00Z,0.4817
2025-06-21T07:31:00Z,0.4864
2025-06-21T07:32:00Z,0.4840
2025-06-21T07:33:00Z,0.4859
2025-06-21T07:34:00Z,0.4872
2025-06-21T07:35:00Z,0.4840
2025-06-21T07:36:00Z,0.4860
2025-06-21T07:37:00Z,0.4896
2025-06-21T07:38:00Z,0.4975
2025-06-21T07:39:00Z,0.5046
2025-06-21T07:40:00Z,0.5181
2025-06-21T07:41:00Z,0.5189
2025-06-21T07:42:00Z,0.5190
2025-06-21T07:43:00Z,0.5226
2025-06-21T07:44:00Z,0.5187
2025-06-21T07:45:00Z,0.5225
2025-06-21T07:46:00Z,0.5245
2025-06-21T07:47:00Z,0.5272
2025-06-21T07:48:00Z,0.5319
2025-06-21T07:49:00Z,0.5358
2025-06-21T07:50:00Z,0.5347
2025-06-21T07:51:00Z,0.5343
2025-06-21T07:52:00Z,0.5375
2025-06-21T07:53:00Z,0.5363
2025-06-21T07:54:00Z,0.5381
2025-06-21T07:55:00Z,0.5441
2025-06-21T07:56:00Z,0.5461
2025-06-21T07:57:00Z,0.5506
2025-06-21T07:58:00Z,0.5560
2025-06-21T07:59:00Z,0.5524
2025-06-21T08:00:00Z,0.5504
2025-06-21T08:01:00Z,0.5515
2025-06-21T08:02:00Z,0.5532
2025-06-21T08:03:00Z,0.5579
2025-06-21T08:04:00Z,0.5607
2025-06-21T08:05:00Z,0.5578
2025-06-21T08:06:00Z,0.5565
2025-06-21T08:07:00Z,0.5608
2025-06-21T08:08:00Z,0.5580
2025-06-21T08:09:00Z,0.5661
2025-06-21T08:10:00Z,0.5625
2025-06-21T08:11:00Z,0.5672
2025-06-21T08:12:00Z,0.5640
2025-06-21T08:13:00Z,0.5743
2025-06-21T08:14:00Z,0.5832
2025-06-21T08:15:00Z,0.5823
2025-06-21T08:16:00Z,0.5789
2025-06-21T08:17:00Z,0.5911
2025-06-21T08:18:00Z,0.5880
2025-06-21T08:19:00Z,0.5889
2025-06-21T08:20:00Z,0.5905
2025-06-21T08:21:00Z,0.5850
2025-06-21T08:22:00Z,0.5870
2025-06-21T08:23:00Z,0.5932
2025-06-21T08:24:00Z,0.5993
2025-06-21T08:25:00Z,0.6112
2025-06-21T08:26:00Z,0.6137
2025-06-21T08:27:00Z,0.6140
2025-06-21T08:28:00Z,0.6126
2025-06-21T08:29:00Z,0.6149
2025-06-21T08:30:00Z,0.6234
2025-06-21T08:31:00Z,0.6284
2025-06-21T08:32:00Z,0.6255
2025-06-21T08:33:00Z,0.6256
2025-06-21T08:34:00Z,0.6228
2025-06-21T08:35:00Z,0.6191
2025-06-21T08:36:00Z,0.6149
2025-06-21T08:37:00Z,0.6247
2025-06-21T08:38:00Z,0.6270
2025-06-21T08:39:00Z,0.6316
2025-06-21T08:40:00Z,0.6291
2025-06-21T08:41:00Z,0.6342
2025-06-21T08:42:00Z,0.6311
2025-06-21T08:43:00Z,0.6275
2025-06-21T08:44:00Z,0.6221
2025-06-21T08:45:00Z,0.6271
2025-06-21T08:46:00Z,0.6338
2025-06-21T08:47:00Z,0.6395
2025-06-21T08:48:00Z,0.6366
2025-06-21T08:49:00Z,0.6405
2025-06-21T08:50:00Z,0.6491
2025-06-21T08:51:00Z,0.6534
2025-06-21T08:52:00Z,0.6579
2025-06-21T08:53:00Z,0.6553
2025-06-21T08:54:00Z,0.6618
2025-06-21T08:55:00Z,0.6617
2025-06-21T08:56:00Z,0.6615
2025-06-21T08:57:00Z,0.6627
2025-06-21T08:58:00Z,0.6564
2025-06-21T08:59:00Z,0.6613
2025-06-21T09:00:00Z,0.6631
2025-06-21T09:01:00Z,0.6738
2025-06-21T09:02:00Z,0.6766
2025-06-21T09:03:00Z,0.6723
2025-06-21T09:04:00Z,0.6667
2025-06-21T09:05:00Z,0.6638
2025-06-21T09:06:00Z,0.6595
2025-06-21T09:07:00Z,0.6600
2025-06-21T09:08:00Z,0.6597
2025-06-21T09:09:00Z,0.6643
2025-06-21T09:10:00Z,0.6721
2025-06-21T09:11:00Z,0.6730
2025-06-21T09:12:00Z,0.6813
2025-06-21T09:13:00Z,0.6821
2025-06-21T09:14:00Z,0.6790
2025-06-21T09:15:00Z,0.6864
2025-06-21T09:16:00Z,0.6907
2025-06-21T09:17:00Z,0.6931
2025-06-21T09:18:00Z,0.6966
2025-06-21T09:19:00Z,0.6908
2025-06-21T09:20:00Z,0.6873
2025-06-21T09:21:00Z,0.6890
2025-06-21T09:22:00Z,0.6915
2025-06-21T09:23:00Z,0.6920
2025-06-21T09:24:00Z,0.6946
2025-06-21T09:25:00Z,0.7037
2025-06-21T09:26:00Z,0.7006
2025-06-21T09:27:00Z,0.7001
2025-06-21T09:28:00Z,0.7013
2025-06-21T09:29:00Z,0.6933
2025-06-21T09:30:00Z,0.6933
2025-06-21T09:31:00Z,0.6922
2025-06-21T09:32:00Z,0.7027
2025-06-21T09:33:00Z,0.7075
2025-06-21T09:34:00Z,0.7087
2025-06-21T09:35:00Z,0.7097
2025-06-21T09:36:00Z,0.7111
2025-06-21T09:37:00Z,0.7154
2025-06-21T09:38:00Z,0.7204
2025-06-21T09:39:00Z,0.7214
2025-06-21T09:40:00Z,0.7179
2025-06-21T09:41:00Z,0.7164
2025-06-21T09:42:00Z,0.7174
2025-06-21T09:43:00Z,0.7227
2025-06-21T09:44:00Z,0.7156
2025-06-21T09:45:00Z,0.7071
2025-06-21T09:46:00Z,0.7084
2025-06-21T09:47:00Z,0.7059
2025-06-21T09:48:00Z,0.7037
2025-06-21T09:49:00Z,0.6992
2025-06-21T09:50:00Z,0.6946
2025-06-21T09:51:00Z,0.6899
2025-06-21T09:52:00Z,0.6946
2025-06-21T09:53:00Z,0.7025
2025-06-21T09:54:00Z,0.7085
2025-06-21T09:55:00Z,0.7120
2025-06-21T09:56:00Z,0.7110
2025-06-21T09:57:00Z,0.7210
2025-06-21T09:58:00Z,0.7283
2025-06-21T09:59:00Z,0.7356
2025-06-21T10:00:00Z,0.7484
2025-06-21T10:01:00Z,0.7486
2025-06-21T10:02:00Z,0.7430
2025-06-21T10:03:00Z,0.7450
2025-06-21T10:04:00Z,0.7438
2025-06-21T10:05:00Z,0.7415
2025-06-21T10:06:00Z,0.7413
2025-06-21T10:07:00Z,0.7433
2025-06-21T10:08:00Z,0.7468
2025-06-21T10:09:00Z,0.7466
2025-06-21T10:10:00Z,0.7436
2025-06-21T10:11:00Z,0.7527
2025-06-21T10:12:00Z,0.7624
2025-06-21T10:13:00Z,0.7739
2025-06-21T10:14:00Z,0.7772
2025-06-21T10:15:00Z,0.7738
2025-06-21T10:16:00Z,0.7718
2025-06-21T10:17:00Z,0.7761
2025-06-21T10:18:00Z,0.7657
2025-06-21T10:19:00Z,0.7695
2025-06-21T10:20:00Z,0.7737
2025-06-21T10:21:00Z,0.7816
2025-06-21T10:22:00Z,0.7806
2025-06-21T10:23:00Z,0.7908
2025-06-21T10:24:00Z,0.7985
2025-06-21T10:25:00Z,0.8071
2025-06-21T10:26:00Z,0.8048
2025-06-21T10:27:00Z,0.8075
2025-06-21T10:28:00Z,0.8039
2025-06-21T10:29:00Z,0.8043
2025-06-21T10:30:00Z,0.8074
2025-06-21T10:31:00Z,0.8192
2025-06-21T10:32:00Z,0.8289
2025-06-21T10:33:00Z,0.8227
2025-06-21T10:34:00Z,0.8262
2025-06-21T10:35:00Z,0.8160
2025-06-21T10:36:00Z,0.8152
2025-06-21T10:37:00Z,0.8074
2025-06-21T10:38:00Z,0.8104
2025-06-21T10:39:00Z,0.8048
2025-06-21T10:40:00Z,0.8036
2025-06-21T10:41:00Z,0.8047
2025-06-21T10:42:00Z,0.8049
2025-06-21T10:43:00Z,0.8046
2025-06-21T10:44:00Z,0.8185
2025-06-21T10:45:00Z,0.8223
2025-06-21T10:46:00Z,0.8336
2025-06-21T10:47:00Z,0.8371
2025-06-21T10:48:00Z,0.8432
2025-06-21T10:49:00Z,0.8469
2025-06-21T10:50:00Z,0.8473
2025-06-21T10:51:00Z,0.8501
2025-06-21T10:52:00Z,0.8537
2025-06-21T10:53:00Z,0.8586
2025-06-21T10:54:00Z,0.8626
2025-06-21T10:55:00Z,0.8612
2025-06-21T10:56:00Z,0.8589
2025-06-21T10:57:00Z,0.8522
2025-06-21T10:58:00Z,0.8484
2025-06-21T10:59:00Z,0.8618
2025-06-21T11:00:00Z,0.8651
2025-06-21T11:01:00Z,0.8698
2025-06-21T11:02:00Z,0.8754
2025-06-21T11:03:00Z,0.8756
2025-06-21T11:04:00Z,0.8776
2025-06-21T11:05:00Z,0.8821
2025-06-21T11:06:00Z,0.8825
2025-06-21T11:07:00Z,0.8907
2025-06-21T11:08:00Z,0.8906
2025-06-21T11:09:00Z,0.8971
2025-06-21T11:10:00Z,0.8927
2025-06-21T11:11:00Z,0.8932
2025-06-21T11:12:00Z,0.8919
2025-06-21T11:13:00Z,0.8942
2025-06-21T11:14:00Z,0.8948
2025-06-21T11:15:00Z,0.8999
2025-06-21T11:16:00Z,0.9024
2025-06-21T11:17:00Z,0.9100
2025-06-21T11:18:00Z,0.9199
2025-06-21T11:19:00Z,0.9105
2025-06-21T11:20:00Z,0.9162
2025-06-21T11:21:00Z,0.9196
2025-06-21T11:22:00Z,0.9289
2025-06-21T11:23:00Z,0.9220
2025-06-21T11:24:00Z,0.9185
2025-06-21T11:25:00Z,0.9245
2025-06-21T11:26:00Z,0.9194
2025-06-21T11:27:00Z,0.9254
2025-06-21T11:28:00Z,0.9303
2025-06-21T11:29:00Z,0.9290
2025-06-21T11:30:00Z,0.9205
2025-06-21T11:31:00Z,0.9251
2025-06-21T11:32:00Z,0.9158
2025-06-21T11:33:00Z,0.9187
2025-06-21T11:34:00Z,0.9217
2025-06-21T11:35:00Z,0.9192
2025-06-21T11:36:00Z,0.9236
2025-06-21T11:37:00Z,0.9289
2025-06-21T11:38:00Z,0.9232
2025-06-21T11:39:00Z,0.9143
2025-06-21T11:40:00Z,0.9163
2025-06-21T11:41:00Z,0.9137
2025-06-21T11:42:00Z,0.9105
2025-06-21T11:43:00Z,0.9098
2025-06-21T11:44:00Z,0.9146
2025-06-21T11:45:00Z,0.9181
2025-06-21T11:46:00Z,0.9246
2025-06-21T11:47:00Z,0.9266
2025-06-21T11:48:00Z,0.9243
2025-06-21T11:49:00Z,0.9270
2025-06-21T11:50:00Z,0.9226
2025-06-21T11:51:00Z,0.9169
2025-06-21T11:52:00Z,0.9058
2025-06-21T11:53:00Z,0.9049
2025-06-21T11:54:00Z,0.9133
2025-06-21T11:55:00Z,0.9059
2025-06-21T11:56:00Z,0.9047
2025-06-21T11:57:00Z,0.9022
2025-06-21T11:58:00Z,0.9175
2025-06-21T11:59:00Z,0.9133
2025-06-21T12:00:00Z,0.9105
2025-06-21T12:01:00Z,0.9103
2025-06-21T12:02:00Z,0.9044
2025-06-21T12:03:00Z,0.9069
2025-06-21T12:04:00Z,0.8983
2025-06-21T12:05:00Z,0.9043
2025-06-21T12:06:00Z,0.9025
2025-06-21T12:07:00Z,0.8972
2025-06-21T12:08:00Z,0.8879
2025-06-21T12:09:00Z,0.8900
2025-06-21T12:10:00Z,0.8912
2025-06-21T12:11:00Z,0.8937
2025-06-21T12:12:00Z,0.8838
2025-06-21T12:13:00Z,0.8819
2025-06-21T12:14:00Z,0.8892
2025-06-21T12:15:00Z,0.8900
2025-06-21T12:16:00Z,0.8874
2025-06-21T12:17:00Z,0.8882
2025-06-21T12:18:00Z,0.8894
2025-06-21T12:19:00Z,0.8892
2025-06-21T12:20:00Z,0.8794
2025-06-21T12:21:00Z,0.8766
2025-06-21T12:22:00Z,0.8790
2025-06-21T12:23:00Z,0.8779
2025-06-21T12:24:00Z,0.8766
2025-06-21T12:25:00Z,0.8784
2025-06-21T12:26:00Z,0.8851
2025-06-21T12:27:00Z,0.8770
2025-06-21T12:28:00Z,0.8719
2025-06-21T12:29:00Z,0.8746
2025-06-21T12:30:00Z,0.8759
2025-06-21T12:31:00Z,0.8720
2025-06-21T12:32:00Z,0.8665
2025-06-21T12:33:00Z,0.8595
2025-06-21T12:34:00Z,0.8604
2025-06-21T12:35:00Z,0.8626
2025-06-21T12:36:00Z,0.8618
2025-06-21T12:37:00Z,0.8560
2025-06-21T12:38:00Z,0.8534
2025-06-21T12:39:00Z,0.8550
2025-06-21T12:40:00Z,0.8599
2025-06-21T12:41:00Z,0.8586
2025-06-21T12:42:00Z,0.8573
2025-06-21T12:43:00Z,0.8531
2025-06-21T12:44:00Z,0.8450
2025-06-21T12:45:00Z,0.8245
2025-06-21T12:46:00Z,0.8197
2025-06-21T12:47:00Z,0.8273
2025-06-21T12:48:00Z,0.8305
2025-06-21T12:49:00Z,0.8294
2025-06-21T12:50:00Z,0.8247
2025-06-21T12:51:00Z,0.8250
2025-06-21T12:52:00Z,0.8249
2025-06-21T12:53:00Z,0.8289
2025-06-21T12:54:00Z,0.8348
2025-06-21T12:55:00Z,0.8317
2025-06-21T12:56:00Z,0.8334
2025-06-21T12:57:00Z,0.8268
2025-06-21T12:58:00Z,0.8187
2025-06-21T12:59:00Z,0.8094
2025-06-21T13:00:00Z,0.8134
2025-06-21T13:01:00Z,0.8132
2025-06-21T13:02:00Z,0.8130
2025-06-21T13:03:00Z,0.8099
2025-06-21T13:04:00Z,0.8086
2025-06-21T13:05:00Z,0.8175
2025-06-21T13:06:00Z,0.8148
2025-06-21T13:07:00Z,0.8099
2025-06-21T13:08:00Z,0.8050
2025-06-21T13:09:00Z,0.8023
2025-06-21T13:10:00Z,0.8014
2025-06-21T13:11:00Z,0.7919
2025-06-21T13:12:00Z,0.7906
2025-06-21T13:13:00Z,0.7928
2025-06-21T13:14:00Z,0.7899
2025-06-21T13:15:00Z,0.7869
2025-06-21T13:16:00Z,0.7760
2025-06-21T13:17:00Z,0.7766
2025-06-21T13:18:00Z,0.7793
2025-06-21T13:19:00Z,0.7784
2025-06-21T13:20:00Z,0.7781
2025-06-21T13:21:00Z,0.7841
2025-06-21T13:22:00Z,0.7894
2025-06-21T13:23:00Z,0.7889
2025-06-21T13:24:00Z,0.7924
2025-06-21T13:25:00Z,0.7975
2025-06-21T13:26:00Z,0.8046
2025-06-21T13:27:00Z,0.8023
2025-06-21T13:28:00Z,0.7901
2025-06-21T13:29:00Z,0.7967
2025-06-21T13:30:00Z,0.7899
2025-06-21T13:31:00Z,0.7851
2025-06-21T13:32:00Z,0.7839
2025-06-21T13:33:00Z,0.7776
2025-06-21T13:34:00Z,0.7801
2025-06-21T13:35:00Z,0.7713
2025-06-21T13:36:00Z,0.7803
2025-06-21T13:37:00Z,0.7953
2025-06-21T13:38:00Z,0.7885
2025-06-21T13:39:00Z,0.7831
2025-06-21T13:40:00Z,0.7858
2025-06-21T13:41:00Z,0.7809
2025-06-21T13:42:00Z,0.7911
2025-06-21T13:43:00Z,0.7816
2025-06-21T13:44:00Z,0.7735
2025-06-21T13:45:00Z,0.7759
2025-06-21T13:46:00Z,0.7846
2025-06-21T13:47:00Z,0.7843
2025-06-21T13:48:00Z,0.7842
2025-06-21T13:49:00Z,0.7821
2025-06-21T13:50:00Z,0.7855
2025-06-21T13:51:00Z,0.7797
2025-06-21T13:52:00Z,0.7649
2025-06-21T13:53:00Z,0.7620
2025-06-21T13:54:00Z,0.7564
2025-06-21T13:55:00Z,0.7430
2025-06-21T13:56:00Z,0.7519
2025-06-21T13:57:00Z,0.7534
2025-06-21T13:58:00Z,0.7491
2025-06-21T13:59:00Z,0.7501
2025-06-21T14:00:00Z,0.7542
2025-06-21T14:01:00Z,0.7412
2025-06-21T14:02:00Z,0.7397
2025-06-21T14:03:00Z,0.7453
2025-06-21T14:04:00Z,0.7506
2025-06-21T14:05:00Z,0.7547
2025-06-21T14:06:00Z,0.7555
2025-06-21T14:07:00Z,0.7515
2025-06-21T14:08:00Z,0.7521
2025-06-21T14:09:00Z,0.7459
2025-06-21T14:10:00Z,0.7394
2025-06-21T14:11:00Z,0.7374
2025-06-21T14:12:00Z,0.7413
2025-06-21T14:13:00Z,0.7341
2025-06-21T14:14:00Z,0.7336
2025-06-21T14:15:00Z,0.7353
2025-06-21T14:16:00Z,0.7339
2025-06-21T14:17:00Z,0.7335
2025-06-21T14:18:00Z,0.7327
2025-06-21T14:19:00Z,0.7297
2025-06-21T14:20:00Z,0.7294
2025-06-21T14:21:00Z,0.7276
2025-06-21T14:22:00Z,0.7281
2025-06-21T14:23:00Z,0.7153
2025-06-21T14:24:00Z,0.7204
2025-06-21T14:25:00Z,0.7240
2025-06-21T14:26:00Z,0.7254
2025-06-21T14:27:00Z,0.7217
2025-06-21T14:28:00Z,0.7193
2025-06-21T14:29:00Z,0.7172
2025-06-21T14:30:00Z,0.7109
2025-06-21T14:31:00Z,0.7013
2025-06-21T14:32:00Z,0.6946
2025-06-21T14:33:00Z,0.6929
2025-06-21T14:34:00Z,0.6882
2025-06-21T14:35:00Z,0.6881
2025-06-21T14:36:00Z,0.6839
2025-06-21T14:37:00Z,0.6755
2025-06-21T14:38:00Z,0.6729
2025-06-21T14:39:00Z,0.6667
2025-06-21T14:40:00Z,0.6686
2025-06-21T14:41:00Z,0.6663
2025-06-21T14:42:00Z,0.6588
2025-06-21T14:43:00Z,0.6562
2025-06-21T14:44:00Z,0.6578
2025-06-21T14:45:00Z,0.6576
2025-06-21T14:46:00Z,0.6538
2025-06-21T14:47:00Z,0.6510
2025-06-21T14:48:00Z,0.6456
2025-06-21T14:49:00Z,0.6439
2025-06-21T14:50:00Z,0.6443
2025-06-21T14:51:00Z,0.6390
2025-06-21T14:52:00Z,0.6441
2025-06-21T14:53:00Z,0.6438
2025-06-21T14:54:00Z,0.6436
2025-06-21T14:55:00Z,0.6420
2025-06-21T14:56:00Z,0.6344
2025-06-21T14:57:00Z,0.6258
2025-06-21T14:58:00Z,0.6260
2025-06-21T14:59:00Z,0.6249
2025-06-21T15:00:00Z,0.6249
2025-06-21T15:01:00Z,0.6190
2025-06-21T15:02:00Z,0.6177
2025-06-21T15:03:00Z,0.6176
2025-06-21T15:04:00Z,0.6152
2025-06-21T15:05:00Z,0.6138
2025-06-21T15:06:00Z,0.6148
2025-06-21T15:07:00Z,0.6122
2025-06-21T15:08:00Z,0.6077
2025-06-21T15:09:00Z,0.6035
2025-06-21T15:10:00Z,0.5947
2025-06-21T15:11:00Z,0.5944
2025-06-21T15:12:00Z,0.5957
2025-06-21T15:13:00Z,0.5930
2025-06-21T15:14:00Z,0.5950
2025-06-21T15:15:00Z,0.5915
2025-06-21T15:16:00Z,0.5895
2025-06-21T15:17:00Z,0.5828
2025-06-21T15:18:00Z,0.5868
2025-06-21T15:19:00Z,0.5834
2025-06-21T15:20:00Z,0.5814
2025-06-21T15:21:00Z,0.5731
2025-06-21T15:22:00Z,0.5737
2025-06-21T15:23:00Z,0.5652
2025-06-21T15:24:00Z,0.5636
2025-06-21T15:25:00Z,0.5616
2025-06-21T15:26:00Z,0.5536
2025-06-21T15:27:00Z,0.5504
2025-06-21T15:28:00Z,0.5437
2025-06-21T15:29:00Z,0.5409
2025-06-21T15:30:00Z,0.5410
2025-06-21T15:31:00Z,0.5420
2025-06-21T15:32:00Z,0.5349
2025-06-21T15:33:00Z,0.5339
2025-06-21T15:34:00Z,0.5368
2025-06-21T15:35:00Z,0.5321
2025-06-21T15:36:00Z,0.5229
2025-06-21T15:37:00Z,0.5208
2025-06-21T15:38:00Z,0.5226
2025-06-21T15:39:00Z,0.5163
2025-06-21T15:40:00Z,0.5120
2025-06-21T15:41:00Z,0.5129
2025-06-21T15:42:00Z,0.5064
2025-06-21T15:43:00Z,0.5014
2025-06-21T15:44:00Z,0.4981
2025-06-21T15:45:00Z,0.5007
2025-06-21T15:46:00Z,0.4970
2025-06-21T15:47:00Z,0.4920
2025-06-21T15:48:00Z,0.4863
2025-06-21T15:49:00Z,0.4804
2025-06-21T15:50:00Z,0.4781
2025-06-21T15:51:00Z,0.4760
2025-06-21T15:52:00Z,0.4731
2025-06-21T15:53:00Z,0.4685
2025-06-21T15:54:00Z,0.4645
2025-06-21T15:55:00Z,0.4637
2025-06-21T15:56:00Z,0.4601
2025-06-21T15:57:00Z,0.4535
2025-06-21T15:58:00Z,0.4517
2025-06-21T15:59:00Z,0.4493
2025-06-21T16:00:00Z,0.4482
2025-06-21T16:01:00Z,0.4449
2025-06-21T16:02:00Z,0.4389
2025-06-21T16:03:00Z,0.4335
2025-06-21T16:04:00Z,0.4273
2025-06-21T16:05:00Z,0.4246
2025-06-21T16:06:00Z,0.4235
2025-06-21T16:07:00Z,0.4201
2025-06-21T16:08:00Z,0.4159
2025-06-21T16:09:00Z,0.4164
2025-06-21T16:10:00Z,0.4112
2025-06-21T16:11:00Z,0.4059
2025-06-21T16:12:00Z,0.4002
2025-06-21T16:13:00Z,0.3950
2025-06-21T16:14:00Z,0.3875
2025-06-21T16:15:00Z,0.3883
2025-06-21T16:16:00Z,0.3874
2025-06-21T16:17:00Z,0.3820
2025-06-21T16:18:00Z,0.3784
2025-06-21T16:19:00Z,0.3767
2025-06-21T16:20:00Z,0.3733
2025-06-21T16:21:00Z,0.3728
2025-06-21T16:22:00Z,0.3720
2025-06-21T16:23:00Z,0.3659
2025-06-21T16:24:00Z,0.3618
2025-06-21T16:25:00Z,0.3530
2025-06-21T16:26:00Z,0.3493
2025-06-21T16:27:00Z,0.3432
2025-06-21T16:28:00Z,0.3412
2025-06-21T16:29:00Z,0.3394
2025-06-21T16:30:00Z,0.3380
2025-06-21T16:31:00Z,0.3351
2025-06-21T16:32:00Z,0.3312
2025-06-21T16:33:00Z,0.3274
2025-06-21T16:34:00Z,0.3263
2025-06-21T16:35:00Z,0.3217
2025-06-21T16:36:00Z,0.3200
2025-06-21T16:37:00Z,0.3194
2025-06-21T16:38:00Z,0.3166
2025-06-21T16:39:00Z,0.3138
2025-06-21T16:40:00Z,0.3102
2025-06-21T16:41:00Z,0.3076
2025-06-21T16:42:00Z,0.3062
2025-06-21T16:43:00Z,0.3034
2025-06-21T16:44:00Z,0.3005
2025-06-21T16:45:00Z,0.2985
2025-06-21T16:46:00Z,0.2939
2025-06-21T16:47:00Z,0.2910
2025-06-21T16:48:00Z,0.2900
2025-06-21T16:49:00Z,0.2864
2025-06-21T16:50:00Z,0.2836
2025-06-21T16:51:00Z,0.2797
2025-06-21T16:52:00Z,0.2757
2025-06-21T16:53:00Z,0.2742
2025-06-21T16:54:00Z,0.2713
2025-06-21T16:55:00Z,0.2679
2025-06-21T16:56:00Z,0.2664
2025-06-21T16:57:00Z,0.2618
2025-06-21T16:58:00Z,0.2587
2025-06-21T16:59:00Z,0.2567
2025-06-21T17:00:00Z,0.2549
2025-06-21T17:01:00Z,0.2538
2025-06-21T17:02:00Z,0.2518
2025-06-21T17:03:00Z,0.2471
2025-06-21T17:04:00Z,0.2438
2025-06-21T17:05:00Z,0.2412
2025-06-21T17:06:00Z,0.2386
2025-06-21T17:07:00Z,0.2352
2025-06-21T17:08:00Z,0.2328
2025-06-21T17:09:00Z,0.2299
2025-06-21T17:10:00Z,0.2263
2025-06-21T17:11:00Z,0.2238
2025-06-21T17:12:00Z,0.2206
2025-06-21T17:13:00Z,0.2174
2025-06-21T17:14:00Z,0.2134
2025-06-21T17:15:00Z,0.2105
2025-06-21T17:16:00Z,0.2070
2025-06-21T17:17:00Z,0.2040
2025-06-21T17:18:00Z,0.2012
2025-06-21T17:19:00Z,0.1968
2025-06-21T17:20:00Z,0.1944
2025-06-21T17:21:00Z,0.1908
2025-06-21T17:22:00Z,0.1883
2025-06-21T17:23:00Z,0.1851
2025-06-21T17:24:00Z,0.1822
2025-06-21T17:25:00Z,0.1801
2025-06-21T17:26:00Z,0.1777
2025-06-21T17:27:00Z,0.1750
2025-06-21T17:28:00Z,0.1717
2025-06-21T17:29:00Z,0.1688
2025-06-21T17:30:00Z,0.1659
2025-06-21T17:31:00Z,0.1634
2025-06-21T17:32:00Z,0.1606
2025-06-21T17:33:00Z,0.1581
2025-06-21T17:34:00Z,0.1555
2025-06-21T17:35:00Z,0.1526
2025-06-21T17:36:00Z,0.1499
2025-06-21T17:37:00Z,0.1471
2025-06-21T17:38:00Z,0.1445
2025-06-21T17:39:00Z,0.1419
2025-06-21T17:40:00Z,0.1392
2025-06-21T17:41:00Z,0.1366
2025-06-21T17:42:00Z,0.1340
2025-06-21T17:43:00Z,0.1314
2025-06-21T17:44:00Z,0.1288
2025-06-21T17:45:00Z,0.1263
2025-06-21T17:46:00Z,0.1238
2025-06-21T17:47:00Z,0.1214
2025-06-21T17:48:00Z,0.1191
2025-06-21T17:49:00Z,0.1166
2025-06-21T17:50:00Z,0.1142
2025-06-21T17:51:00Z,0.1116
2025-06-21T17:52:00Z,0.1092
2025-06-21T17:53:00Z,0.1069
2025-06-21T17:54:00Z,0.1047
2025-06-21T17:55:00Z,0.1026
2025-06-21T17:56:00Z,0.1000
2025-06-21T17:57:00Z,0.0981
2025-06-21T17:58:00Z,0.0961
2025-06-21T17:59:00Z,0.0934
2025-06-21T18:00:00Z,0.0915
2025-06-21T18:01:00Z,0.0887
2025-06-21T18:02:00Z,0.0865
2025-06-21T18:03:00Z,0.0841
2025-06-21T18:04:00Z,0.0819
2025-06-21T18:05:00Z,0.0795
2025-06-21T18:06:00Z,0.0771
2025-06-21T18:07:00Z,0.0751
2025-06-21T18:08:00Z,0.0735
2025-06-21T18:09:00Z,0.0712
2025-06-21T18:10:00Z,0.0693
2025-06-21T18:11:00Z,0.0679
2025-06-21T18:12:00Z,0.0661
2025-06-21T18:13:00Z,0.0658
2025-06-21T18:14:00Z,0.0649
2025-06-21T18:15:00Z,0.0635
2025-06-21T18:16:00Z,0.0627
2025-06-21T18:17:00Z,0.0619
2025-06-21T18:18:00Z,0.0613
2025-06-21T18:19:00Z,0.0600
2025-06-21T18:20:00Z,0.0589
2025-06-21T18:21:00Z,0.0582
2025-06-21T18:22:00Z,0.0568
2025-06-21T18:23:00Z,0.0562
2025-06-21T18:24:00Z,0.0551
2025-06-21T18:25:00Z,0.0539
2025-06-21T18:26:00Z,0.0527
2025-06-21T18:27:00Z,0.0513
2025-06-21T18:28:00Z,0.0506
2025-06-21T18:29:00Z,0.0497
2025-06-21T18:30:00Z,0.0484
2025-06-21T18:31:00Z,0.0472
2025-06-21T18:32:00Z,0.0462
2025-06-21T18:33:00Z,0.0452
2025-06-21T18:34:00Z,0.0441
2025-06-21T18:35:00Z,0.0429
2025-06-21T18:36:00Z,0.0417
2025-06-21T18:37:00Z,0.0405
2025-06-21T18:38:00Z,0.0392
2025-06-21T18:39:00Z,0.0380
2025-06-21T18:40:00Z,0.0367
2025-06-21T18:41:00Z,0.0354
2025-06-21T18:42:00Z,0.0341
2025-06-21T18:43:00Z,0.0327
2025-06-21T18:44:00Z,0.0313
2025-06-21T18:45:00Z,0.0299
2025-06-21T18:46:00Z,0.0284
2025-06-21T18:47:00Z,0.0271
2025-06-21T18:48:00Z,0.0258
2025-06-21T18:49:00Z,0.0245
2025-06-21T18:50:00Z,0.0232
2025-06-21T18:51:00Z,0.0219
2025-06-21T18:52:00Z,0.0207
2025-06-21T18:53:00Z,0.0192
2025-06-21T18:54:00Z,0.0181
2025-06-21T18:55:00Z,0.0167
2025-06-21T18:56:00Z,0.0153
2025-06-21T18:57:00Z,0.0140
2025-06-21T18:58:00Z,0.0128
2025-06-21T18:59:00Z,0.0115
2025-06-21T19:00:00Z,0.0102
2025-06-21T19:01:00Z,0.0089
2025-06-21T19:02:00Z,0.0078
2025-06-21T19:03:00Z,0.0066
2025-06-21T19:04:00Z,0.0055
2025-06-21T19:05:00Z,0.0044
2025-06-21T19:06:00Z,0.0032
2025-06-21T19:07:00Z,0.0021
2025-06-21T19:08:00Z,0.0010
2025-06-21T19:09:00Z,0.0000
2025-06-21T19:10:00Z,0.0000
2025-06-21T19:11:00Z,0.0000
2025-06-21T19:12:00Z,0.0000
2025-06-21T19:13:00Z,0.0000
2025-06-21T19:14:00Z,0.0000
2025-06-21T19:15:00Z,0.0000
2025-06-21T19:16:00Z,0.0000
2025-06-21T19:17:00Z,0.0000
2025-06-21T19:18:00Z,0.0000
2025-06-21T19:19:00Z,0.0000
2025-06-21T19:20:00Z,0.0000
2025-06-21T19:21:00Z,0.0000
2025-06-21T19:22:00Z,0.0000
2025-06-21T19:23:00Z,0.0000
2025-06-21T19:24:00Z,0.0000
2025-06-21T19:25:00Z,0.0000
2025-06-21T19:26:00Z,0.0000
2025-06-21T19:27:00Z,0.0000
2025-06-21T19:28:00Z,0.0000
2025-06-21T19:29:00Z,0.0000
2025-06-21T19:30:00Z,0.0000
2025-06-21T19:31:00Z,0.0000
2025-06-21T19:32:00Z,0.0000
2025-06-21T19:33:00Z,0.0000
2025-06-21T19:34:00Z,0.0000
2025-06-21T19:35:00Z,0.0000
2025-06-21T19:36:00Z,0.0000
2025-06-21T19:37:00Z,0.0000
2025-06-21T19:38:00Z,0.0000
2025-06-21T19:39:00Z,0.0000
2025-06-21T19:40:00Z,0.0000
2025-06-21T19:41:00Z,0.0000
2025-06-21T19:42:00Z,0.0000
2025-06-21T19:43:00Z,0.0000
2025-06-21T19:44:00Z,0.0000
2025-06-21T19:45:00Z,0.0000
2025-06-21T19:46:00Z,0.0000
2025-06-21T19:47:00Z,0.0000
2025-06-21T19:48:00Z,0.0000
2025-06-21T19:49:00Z,0.0000
2025-06-21T19:50:00Z,0.0000
2025-06-21T19:51:00Z,0.0000
2025-06-21T19:52:00Z,0.0000
2025-06-21T19:53:00Z,0.0000
2025-06-21T19:54:00Z,0.0000
2025-06-21T19:55:00Z,0.0000
2025-06-21T19:56:00Z,0.0000
2025-06-21T19:57:00Z,0.0000
2025-06-21T19:58:00Z,0.0000
2025-06-21T19:59:00Z,0.0000
2025-06-21T20:00:00Z,0.0000
2025-06-21T20:01:00Z,0.0000
2025-06-21T20:02:00Z,0.0000
2025-06-21T20:03:00Z,0.0000
2025-06-21T20:04:00Z,0.0000
2025-06-21T20:05:00Z,0.0000
2025-06-21T20:06:00Z,0.0000
2025-06-21T20:07:00Z,0.0000
2025-06-21T20:08:00Z,0.0000
2025-06-21T20:09:00Z,0.0000
2025-06-21T20:10:00Z,0.0000
2025-06-21T20:11:00Z,0.0000
2025-06-21T20:12:00Z,0.0000
2025-06-21T20:13:00Z,0.0000
2025-06-21T20:14:00Z,0.0000
2025-06-21T20:15:00Z,0.0000
2025-06-21T20:16:00Z,0.0000
2025-06-21T20:17:00Z,0.0000
2025-06-21T20:18:00Z,0.0000
2025-06-21T20:19:00Z,0.0000
2025-06-21T20:20:00Z,0.0000
2025-06-21T20:21:00Z,0.0000
2025-06-21T20:22:00Z,0.0000
2025-06-21T20:23:00Z,0.0000
2025-06-21T20:24:00Z,0.0000
2025-06-21T20:25:00Z,0.0000
2025-06-21T20:26:00Z,0.0000
2025-06-21T20:27:00Z,0.0000
2025-06-21T20:28:00Z,0.0000
2025-06-21T20:29:00Z,0.0000
2025-06-21T20:30:00Z,0.0000
2025-06-21T20:31:00Z,0.0000
2025-06-21T20:32:00Z,0.0000
2025-06-21T20:33:00Z,0.0000
2025-06-21T20:34:00Z,0.0000
2025-06-21T20:35:00Z,0.0000
2025-06-21T20:36:00Z,0.0000
2025-06-21T20:37:00Z,0.0000
2025-06-21T20:38:00Z,0.0000
2025-06-21T20:39:00Z,0.0000
2025-06-21T20:40:00Z,0.0000
2025-06-21T20:41:00Z,0.0000
2025-06-21T20:42:00Z,0.0000
2025-06-21T20:43:00Z,0.0000
2025-06-21T20:44:00Z,0.0000
2025-06-21T20:45:00Z,0.0000
2025-06-21T20:46:00Z,0.0000
2025-06-21T20:47:00Z,0.0000
2025-06-21T20:48:00Z,0.0000
2025-06-21T20:49:00Z,0.0000
2025-06-21T20:50:00Z,0.0000
2025-06-21T20:51:00Z,0.0000
2025-06-21T20:52:00Z,0.0000
2025-06-21T20:53:00Z,0.0000
2025-06-21T20:54:00Z,0.0000
2025-06-21T20:55:00Z,0.0000
2025-06-21T20:56:00Z,0.0000
2025-06-21T20:57:00Z,0.0000
2025-06-21T20:58:00Z,0.0000
2025-06-21T20:59:00Z,0.0000
2025-06-21T21:00:00Z,0.0000
2025-06-21T21:01:00Z,0.0000
2025-06-21T21:02:00Z,0.0000
2025-06-21T21:03:00Z,0.0000
2025-06-21T21:04:00Z,0.0000
2025-06-21T21:05:00Z,0.0000
2025-06-21T21:06:00Z,0.0000
2025-06-21T21:07:00Z,0.0000
2025-06-21T21:08:00Z,0.0000
2025-06-21T21:09:00Z,0.0000
2025-06-21T21:10:00Z,0.0000
2025-06-21T21:11:00Z,0.0000
2025-06-21T21:12:00Z,0.0000
2025-06-21T21:13:00Z,0.0000
2025-06-21T21:14:00Z,0.0000
2025-06-21T21:15:00Z,0.0000
2025-06-21T21:16:00Z,0.0000
2025-06-21T21:17:00Z,0.0000
2025-06-21T21:18:00Z,0.0000
2025-06-21T21:19:00Z,0.0000
2025-06-21T21:20:00Z,0.0000
2025-06-21T21:21:00Z,0.0000
2025-06-21T21:22:00Z,0.0000
2025-06-21T21:23:00Z,0.0000
2025-06-21T21:24:00Z,0.0000
2025-06-21T21:25:00Z,0.0000
2025-06-21T21:26:00Z,0.0000
2025-06-21T21:27:00Z,0.0000
2025-06-21T21:28:00Z,0.0000
2025-06-21T21:29:00Z,0.0000
2025-06-21T21:30:00Z,0.0000
2025-06-21T21:31:00Z,0.0000
2025-06-21T21:32:00Z,0.0000
2025-06-21T21:33:00Z,0.0000
2025-06-21T21:34:00Z,0.0000
2025-06-21T21:35:00Z,0.0000
2025-06-21T21:36:00Z,0.0000
2025-06-21T21:37:00Z,0.0000
2025-06-21T21:38:00Z,0.0000
2025-06-21T21:39:00Z,0.0000
2025-06-21T21:40:00Z,0.0000
2025-06-21T21:41:00Z,0.0000
2025-06-21T21:42:00Z,0.0000
2025-06-21T21:43:00Z,0.0000
2025-06-21T21:44:00Z,0.0000
2025-06-21T21:45:00Z,0.0000
2025-06-21T21:46:00Z,0.0000
2025-06-21T21:47:00Z,0.0000
2025-06-21T21:48:00Z,0.0000
2025-06-21T21:49:00Z,0.0000
2025-06-21T21:50:00Z,0.0000
2025-06-21T21:51:00Z,0.0000
2025-06-21T21:52:00Z,0.0000
2025-06-21T21:53:00Z,0.0000
2025-06-21T21:54:00Z,0.0000
2025-06-21T21:55:00Z,0.0000
2025-06-21T21:56:00Z,0.0000
2025-06-21T21:57:00Z,0.0000
2025-06-21T21:58:00Z,0.0000
2025-06-21T21:59:00Z,0.0000
2025-06-21T22:00:00Z,0.0000
2025-06-21T22:01:00Z,0.0000
2025-06-21T22:02:00Z,0.0000
2025-06-21T22:03:00Z,0.0000
2025-06-21T22:04:00Z,0.0000
2025-06-21T22:05:00Z,0.0000
2025-06-21T22:06:00Z,0.0000
2025-06-21T22:07:00Z,0.0000
2025-06-21T22:08:00Z,0.0000
2025-06-21T22:09:00Z,0.0000
2025-06-21T22:10:00Z,0.0000
2025-06-21T22:11:00Z,0.0000
2025-06-21T22:12:00Z,0.0000
2025-06-21T22:13:00Z,0.0000
2025-06-21T22:14:00Z,0.0000
2025-06-21T22:15:00Z,0.0000
2025-06-21T22:16:00Z,0.0000
2025-06-21T22:17:00Z,0.0000
2025-06-21T22:18:00Z,0.0000
2025-06-21T22:19:00Z,0.0000
2025-06-21T22:20:00Z,0.0000
2025-06-21T22:21:00Z,0.0000
2025-06-21T22:22:00Z,0.0000
2025-06-21T22:23:00Z,0.0000
2025-06-21T22:24:00Z,0.0000
2025-06-21T22:25:00Z,0.0000
2025-06-21T22:26:00Z,0.0000
2025-06-21T22:27:00Z,0.0000
2025-06-21T22:28:00Z,0.0000
2025-06-21T22:29:00Z,0.0000
2025-06-21T22:30:00Z,0.0000
2025-06-21T22:31:00Z,0.0000
2025-06-21T22:32:00Z,0.0000
2025-06-21T22:33:00Z,0.0000
2025-06-21T22:34:00Z,0.0000
2025-06-21T22:35:00Z,0.0000
2025-06-21T22:36:00Z,0.0000
2025-06-21T22:37:00Z,0.0000
2025-06-21T22:38:00Z,0.0000
2025-06-21T22:39:00Z,0.0000
2025-06-21T22:40:00Z,0.0000
2025-06-21T22:41:00Z,0.0000
2025-06-21T22:42:00Z,0.0000
2025-06-21T22:43:00Z,0.0000
2025-06-21T22:44:00Z,0.0000
2025-06-21T22:45:00Z,0.0000
2025-06-21T22:46:00Z,0.0000
2025-06-21T22:47:00Z,0.0000
2025-06-21T22:48:00Z,0.0000
2025-06-21T22:49:00Z,0.0000
2025-06-21T22:50:00Z,0.0000
2025-06-21T22:51:00Z,0.0000
2025-06-21T22:52:00Z,0.0000
2025-06-21T22:53:00Z,0.0000
2025-06-21T22:54:00Z,0.0000
2025-06-21T22:55:00Z,0.0000
2025-06-21T22:56:00Z,0.0000
2025-06-21T22:57:00Z,0.0000
2025-06-21T22:58:00Z,0.0000
2025-06-21T22:59:00Z,0.0000
2025-06-21T23:00:00Z,0.0000
2025-06-21T23:01:00Z,0.0000
2025-06-21T23:02:00Z,0.0000
2025-06-21T23:03:00Z,0.0000
2025-06-21T23:04:00Z,0.0000
2025-06-21T23:05:00Z,0.0000
2025-06-21T23:06:00Z,0.0000
2025-06-21T23:07:00Z,0.0000
2025-06-21T23:08:00Z,0.0000
2025-06-21T23:09:00Z,0.0000
2025-06-21T23:10:00Z,0.0000
2025-06-21T23:11:00Z,0.0000
2025-06-21T23:12:00Z,0.0000
2025-06-21T23:13:00Z,0.0000
2025-06-21T23:14:00Z,0.0000
2025-06-21T23:15:00Z,0.0000
2025-06-21T23:16:00Z,0.0000
2025-06-21T23:17:00Z,0.0000
2025-06-21T23:18:00Z,0.0000
2025-06-21T23:19:00Z,0.0000
2025-06-21T23:20:00Z,0.0000
2025-06-21T23:21:00Z,0.0000
2025-06-21T23:22:00Z,0.0000
2025-06-21T23:23:00Z,0.0000
2025-06-21T23:24:00Z,0.0000
2025-06-21T23:25:00Z,0.0000
2025-06-21T23:26:00Z,0.0000
2025-06-21T23:27:00Z,0.0000
2025-06-21T23:28:00Z,0.0000
2025-06-21T23:29:00Z,0.0000
2025-06-21T23:30:00Z,0.0000
2025-06-21T23:31:00Z,0.0000
2025-06-21T23:32:00Z,0.0000
2025-06-21T23:33:00Z,0.0000
2025-06-21T23:34:00Z,0.0000
2025-06-21T23:35:00Z,0.0000
2025-06-21T23:36:00Z,0.0000
2025-06-21T23:37:00Z,0.0000
2025-06-21T23:38:00Z,0.0000
2025-06-21T23:39:00Z,0.0000
2025-06-21T23:40:00Z,0.0000
2025-06-21T23:41:00Z,0.0000
2025-06-21T23:42:00Z,0.0000
2025-06-21T23:43:00Z,0.0000
2025-06-21T23:44:00Z,0.0000
2025-06-21T23:45:00Z,0.0000
2025-06-21T23:46:00Z,0.0000
2025-06-21T23:47:00Z,0.0000
2025-06-21T23:48:00Z,0.0000
2025-06-21T23:49:00Z,0.0000
2025-06-21T23:50:00Z,0.0000
2025-06-21T23:51:00Z,0.0000
2025-06-21T23:52:00Z,0.0000
2025-06-21T23:53:00Z,0.0000
2025-06-21T23:54:00Z,0.0000
2025-06-21T23:55:00Z,0.0000
2025-06-21T23:56:00Z,0.0000
2025-06-21T23:57:00Z,0.0000
2025-06-21T23:58:00Z,0.0000
2025-06-21T23:59:00Z,0.0000
